{"cameraMode":{"drawMode":0,"name":"Shaded","section":"Shading Mode"},"sceneLighting":true,"audioPlay":false,"sceneViewState":{"showFog":true,"showMaterialUpdate":false,"showSkybox":true,"showFlares":true,"showImageEffects":true,"showParticleSystems":true},"in2DMode":false,"pivot":{"x":5.008555889129639,"y":8.005619049072266,"z":4.799600601196289},"rotation":{"x":-0.12433698028326035,"y":-0.04850294813513756,"z":0.006085264962166548,"w":-0.9910348057746887},"size":12.172216415405274,"orthographic":false}